id,profile_id,genre
1,P0001,Family
2,P0001,Drama
3,P0001,Action
4,P0002,Comedy
5,P0002,Sci-Fi
6,P0002,Horror
7,P0003,Thriller
8,P0003,Drama
9,P0004,Family
10,P0005,Documentary
11,P0005,Drama
12,P0005,Crime
13,P0006,Action
14,P0007,Action
15,P0007,Drama
16,P0007,Sci-Fi
17,P0008,Sci-Fi
18,P0008,Documentary
19,P0008,Action
20,P0009,Documentary
21,P0009,Sci-Fi
22,P0009,Family
23,P0010,Crime
24,P0010,Sci-Fi
25,P0010,Animation
26,P0011,Horror
27,P0011,Comedy
28,P0012,Action
29,P0013,Thriller
30,P0014,Crime
31,P0014,Romance
32,P0015,Comedy
33,P0015,Thriller
34,P0016,Sci-Fi
35,P0016,Romance
36,P0017,Drama
37,P0017,Family
38,P0017,Crime
39,P0018,Drama
40,P0018,Romance
41,P0018,Horror
42,P0019,Horror
43,P0020,Comedy
44,P0020,Action
45,P0021,Animation
46,P0022,Documentary
47,P0022,Drama
48,P0023,Crime
49,P0024,Drama
50,P0024,Documentary
51,P0025,Comedy
52,P0025,Horror
53,P0026,Romance
54,P0026,Horror
55,P0026,Sci-Fi
56,P0027,Drama
57,P0028,Action
58,P0028,Sci-Fi
59,P0028,Comedy
60,P0029,Drama
61,P0029,Sci-Fi
62,P0029,Family
63,P0030,Crime
64,P0031,Comedy
65,P0031,Animation
66,P0031,Romance
67,P0032,Thriller
68,P0032,Romance
69,P0033,Romance
70,P0033,Sci-Fi
71,P0034,Family
72,P0034,Comedy
73,P0035,Family
74,P0035,Drama
75,P0036,Horror
76,P0036,Thriller
77,P0036,Documentary
78,P0037,Sci-Fi
79,P0038,Thriller
80,P0038,Animation
81,P0038,Crime
82,P0039,Comedy
83,P0040,Family
84,P0041,Documentary
85,P0041,Sci-Fi
86,P0041,Romance
87,P0042,Action
88,P0042,Sci-Fi
89,P0042,Family
90,P0043,Romance
91,P0043,Crime
92,P0044,Comedy
93,P0045,Drama
94,P0046,Sci-Fi
95,P0047,Horror
96,P0047,Romance
97,P0048,Sci-Fi
98,P0049,Family
99,P0050,Animation
100,P0050,Crime
101,P0051,Family
102,P0051,Animation
103,P0051,Thriller
104,P0052,Comedy
105,P0052,Thriller
106,P0053,Sci-Fi
107,P0053,Documentary
108,P0054,Documentary
109,P0054,Comedy
110,P0054,Crime
111,P0055,Horror
112,P0056,Crime
113,P0056,Romance
114,P0056,Sci-Fi
115,P0057,Thriller
116,P0058,Documentary
117,P0058,Animation
118,P0059,Drama
119,P0060,Action
120,P0060,Drama
121,P0061,Thriller
122,P0062,Family
123,P0062,Thriller
124,P0063,Family
125,P0064,Crime
126,P0065,Horror
127,P0066,Drama
128,P0066,Crime
129,P0066,Horror
130,P0067,Horror
131,P0067,Animation
132,P0068,Documentary
133,P0068,Comedy
134,P0069,Documentary
135,P0069,Action
136,P0070,Family
137,P0070,Drama
138,P0070,Documentary
139,P0071,Comedy
140,P0071,Romance
141,P0071,Drama
142,P0072,Comedy
143,P0072,Crime
144,P0072,Thriller
145,P0073,Animation
146,P0073,Action
147,P0073,Comedy
148,P0074,Documentary
149,P0075,Thriller
150,P0075,Documentary
151,P0076,Drama
152,P0077,Family
153,P0077,Comedy
154,P0077,Documentary
155,P0078,Horror
156,P0078,Sci-Fi
157,P0078,Thriller
158,P0079,Romance
159,P0080,Thriller
160,P0080,Documentary
161,P0081,Documentary
162,P0081,Action
163,P0081,Romance
164,P0082,Animation
165,P0083,Action
166,P0084,Drama
167,P0085,Romance
168,P0086,Comedy
169,P0086,Sci-Fi
170,P0087,Action
171,P0087,Sci-Fi
172,P0088,Horror
173,P0088,Drama
174,P0088,Family
175,P0089,Animation
176,P0089,Drama
177,P0089,Documentary
178,P0090,Thriller
179,P0090,Family
180,P0091,Family
181,P0091,Animation
182,P0092,Documentary
183,P0093,Thriller
184,P0094,Comedy
185,P0095,Documentary
186,P0095,Horror
187,P0095,Crime
188,P0096,Sci-Fi
189,P0096,Documentary
190,P0096,Family
191,P0097,Comedy
192,P0097,Crime
193,P0097,Romance
194,P0098,Animation
195,P0098,Documentary
196,P0098,Family
197,P0099,Drama
198,P0100,Sci-Fi
199,P0100,Family
200,P0100,Drama
201,P0101,Romance
202,P0101,Action
203,P0101,Documentary
204,P0102,Sci-Fi
205,P0103,Horror
206,P0104,Sci-Fi
207,P0104,Action
208,P0105,Drama
209,P0106,Family
210,P0106,Action
211,P0106,Sci-Fi
212,P0107,Drama
213,P0108,Action
214,P0108,Romance
215,P0108,Drama
216,P0109,Documentary
217,P0109,Sci-Fi
218,P0110,Comedy
219,P0110,Animation
220,P0111,Sci-Fi
221,P0111,Documentary
222,P0112,Thriller
223,P0112,Horror
224,P0112,Animation
225,P0113,Sci-Fi
226,P0113,Animation
227,P0113,Crime
228,P0114,Sci-Fi
229,P0114,Drama
230,P0115,Drama
231,P0115,Crime
232,P0116,Romance
233,P0116,Crime
234,P0116,Horror
235,P0117,Animation
236,P0117,Action
237,P0117,Drama
238,P0118,Action
239,P0118,Crime
240,P0118,Romance
241,P0119,Drama
242,P0119,Sci-Fi
243,P0119,Horror
244,P0120,Sci-Fi
245,P0120,Documentary
246,P0121,Animation
247,P0121,Thriller
248,P0122,Crime
249,P0123,Thriller
250,P0124,Comedy
251,P0124,Animation
252,P0124,Sci-Fi
253,P0125,Drama
254,P0125,Animation
255,P0126,Documentary
256,P0126,Drama
257,P0126,Action
258,P0127,Family
259,P0128,Documentary
260,P0128,Action
261,P0128,Drama
262,P0129,Sci-Fi
263,P0130,Thriller
264,P0131,Crime
265,P0131,Animation
266,P0132,Animation
267,P0132,Sci-Fi
268,P0132,Crime
269,P0133,Action
270,P0133,Thriller
271,P0134,Crime
272,P0135,Action
273,P0136,Crime
274,P0136,Comedy
275,P0136,Animation
276,P0137,Comedy
277,P0137,Crime
278,P0137,Documentary
279,P0138,Family
280,P0138,Animation
281,P0138,Thriller
282,P0139,Sci-Fi
283,P0139,Comedy
284,P0139,Family
285,P0140,Action
286,P0141,Horror
287,P0142,Documentary
288,P0143,Action
289,P0143,Romance
290,P0144,Action
291,P0144,Family
292,P0145,Horror
293,P0145,Animation
294,P0146,Documentary
295,P0146,Family
296,P0146,Thriller
297,P0147,Action
298,P0148,Documentary
299,P0148,Drama
300,P0149,Thriller
301,P0149,Drama
302,P0149,Horror
303,P0150,Family
304,P0150,Sci-Fi
305,P0150,Crime
306,P0151,Drama
307,P0151,Horror
308,P0151,Sci-Fi
309,P0152,Horror
310,P0153,Horror
311,P0153,Action
312,P0153,Drama
313,P0154,Crime
314,P0154,Horror
315,P0155,Horror
316,P0155,Documentary
317,P0155,Romance
318,P0156,Comedy
319,P0157,Sci-Fi
320,P0158,Family
321,P0158,Romance
322,P0158,Sci-Fi
323,P0159,Comedy
324,P0160,Crime
325,P0161,Thriller
326,P0161,Comedy
327,P0162,Animation
328,P0162,Romance
329,P0163,Drama
330,P0163,Action
331,P0163,Animation
332,P0164,Horror
333,P0165,Horror
334,P0166,Drama
335,P0167,Drama
336,P0167,Documentary
337,P0168,Sci-Fi
338,P0169,Documentary
339,P0169,Comedy
340,P0170,Thriller
341,P0171,Romance
342,P0171,Drama
343,P0172,Sci-Fi
344,P0172,Romance
345,P0172,Comedy
346,P0173,Thriller
347,P0173,Animation
348,P0173,Documentary
349,P0174,Comedy
350,P0175,Horror
351,P0176,Family
352,P0176,Documentary
353,P0177,Action
354,P0177,Documentary
355,P0178,Comedy
356,P0178,Drama
357,P0179,Thriller
358,P0180,Comedy
359,P0180,Drama
360,P0181,Drama
361,P0182,Documentary
362,P0182,Thriller
363,P0183,Comedy
364,P0184,Comedy
365,P0184,Horror
366,P0185,Sci-Fi
367,P0185,Romance
368,P0186,Sci-Fi
369,P0186,Comedy
370,P0187,Documentary
371,P0188,Animation
372,P0188,Comedy
373,P0188,Action
374,P0189,Drama
375,P0189,Crime
376,P0189,Comedy
377,P0190,Action
378,P0191,Action
379,P0192,Romance
380,P0192,Thriller
381,P0192,Comedy
382,P0193,Thriller
383,P0193,Animation
384,P0193,Documentary
385,P0194,Crime
386,P0194,Documentary
387,P0195,Action
388,P0195,Drama
389,P0196,Drama
390,P0197,Thriller
391,P0197,Documentary
392,P0197,Action
393,P0198,Romance
394,P0198,Horror
395,P0198,Documentary
396,P0199,Thriller
397,P0200,Crime
398,P0200,Thriller
399,P0200,Action
400,P0201,Comedy
401,P0201,Romance
402,P0202,Action
403,P0202,Romance
404,P0202,Sci-Fi
405,P0203,Family
406,P0203,Sci-Fi
407,P0203,Drama
408,P0204,Romance
409,P0204,Documentary
410,P0205,Crime
411,P0205,Horror
412,P0205,Thriller
413,P0206,Sci-Fi
414,P0206,Thriller
415,P0207,Thriller
416,P0207,Crime
417,P0208,Action
418,P0208,Thriller
419,P0209,Romance
420,P0209,Crime
421,P0209,Sci-Fi
422,P0210,Comedy
423,P0210,Thriller
424,P0211,Drama
425,P0212,Crime
426,P0212,Action
427,P0212,Animation
428,P0213,Sci-Fi
429,P0213,Family
430,P0214,Animation
431,P0215,Romance
432,P0216,Comedy
433,P0216,Sci-Fi
434,P0217,Sci-Fi
435,P0218,Action
436,P0218,Sci-Fi
437,P0219,Crime
438,P0220,Romance
439,P0220,Comedy
440,P0220,Drama
441,P0221,Comedy
442,P0221,Romance
443,P0222,Family
444,P0223,Documentary
445,P0224,Crime
446,P0224,Documentary
447,P0225,Romance
448,P0225,Action
449,P0225,Drama
450,P0226,Comedy
451,P0226,Thriller
452,P0227,Horror
453,P0228,Comedy
454,P0228,Action
455,P0229,Drama
456,P0229,Horror
457,P0229,Crime
458,P0230,Romance
459,P0231,Romance
460,P0231,Crime
461,P0231,Documentary
462,P0232,Drama
463,P0232,Crime
464,P0232,Sci-Fi
465,P0233,Comedy
466,P0234,Action
467,P0234,Crime
468,P0234,Family
469,P0235,Documentary
470,P0236,Documentary
471,P0236,Sci-Fi
472,P0236,Romance
473,P0237,Crime
474,P0237,Drama
475,P0237,Romance
476,P0238,Horror
477,P0239,Romance
478,P0239,Drama
479,P0239,Comedy
480,P0240,Documentary
481,P0240,Comedy
482,P0240,Crime
483,P0241,Romance
484,P0241,Crime
485,P0241,Comedy
486,P0242,Documentary
487,P0242,Thriller
488,P0243,Sci-Fi
489,P0243,Crime
490,P0243,Horror
491,P0244,Family
492,P0244,Thriller
493,P0245,Horror
494,P0246,Horror
495,P0247,Comedy
496,P0248,Crime
497,P0248,Documentary
498,P0249,Action
499,P0250,Comedy
500,P0251,Comedy
501,P0251,Sci-Fi
502,P0251,Crime
503,P0252,Horror
504,P0252,Family
505,P0253,Family
506,P0253,Romance
507,P0254,Animation
508,P0254,Family
509,P0255,Animation
510,P0256,Family
511,P0256,Sci-Fi
512,P0257,Documentary
513,P0258,Animation
514,P0259,Thriller
515,P0260,Family
516,P0261,Drama
517,P0261,Comedy
518,P0261,Documentary
519,P0262,Family
520,P0262,Horror
521,P0263,Romance
522,P0263,Drama
523,P0264,Sci-Fi
524,P0265,Family
525,P0266,Comedy
526,P0267,Sci-Fi
527,P0267,Family
528,P0267,Thriller
529,P0268,Action
530,P0269,Action
531,P0269,Sci-Fi
532,P0270,Animation
533,P0270,Horror
534,P0271,Drama
535,P0271,Animation
536,P0271,Crime
537,P0272,Family
538,P0273,Horror
539,P0273,Sci-Fi
540,P0274,Crime
541,P0274,Animation
542,P0274,Family
543,P0275,Sci-Fi
544,P0275,Thriller
545,P0276,Family
546,P0276,Action
547,P0276,Drama
548,P0277,Crime
549,P0278,Sci-Fi
550,P0278,Thriller
551,P0279,Documentary
552,P0279,Animation
553,P0280,Action
554,P0281,Documentary
555,P0282,Sci-Fi
556,P0282,Drama
557,P0282,Animation
558,P0283,Thriller
559,P0284,Animation
560,P0284,Documentary
561,P0285,Documentary
562,P0285,Horror
563,P0286,Romance
564,P0287,Animation
565,P0288,Horror
566,P0289,Documentary
567,P0290,Crime
568,P0290,Documentary
569,P0291,Animation
570,P0291,Thriller
571,P0291,Family
572,P0292,Animation
573,P0292,Comedy
574,P0293,Sci-Fi
575,P0293,Comedy
576,P0294,Documentary
577,P0294,Animation
578,P0294,Sci-Fi
579,P0295,Comedy
580,P0296,Animation
581,P0296,Drama
582,P0296,Comedy
583,P0297,Sci-Fi
584,P0297,Comedy
585,P0298,Romance
586,P0299,Romance
587,P0300,Documentary
588,P0301,Drama
589,P0302,Thriller
590,P0303,Thriller
591,P0304,Sci-Fi
592,P0304,Crime
593,P0304,Thriller
594,P0305,Sci-Fi
595,P0306,Drama
596,P0306,Crime
597,P0306,Horror
598,P0307,Romance
599,P0307,Documentary
600,P0307,Animation
601,P0308,Crime
602,P0308,Action
603,P0308,Sci-Fi
604,P0309,Crime
605,P0310,Crime
606,P0311,Horror
607,P0312,Action
608,P0313,Horror
609,P0313,Crime
610,P0314,Animation
611,P0314,Action
612,P0315,Romance
613,P0316,Comedy
614,P0316,Crime
615,P0317,Crime
616,P0318,Documentary
617,P0319,Documentary
618,P0320,Horror
619,P0321,Sci-Fi
620,P0322,Animation
621,P0323,Sci-Fi
622,P0324,Comedy
623,P0324,Crime
624,P0324,Animation
625,P0325,Action
626,P0325,Crime
627,P0325,Romance
628,P0326,Family
629,P0326,Crime
630,P0327,Thriller
631,P0327,Animation
632,P0328,Thriller
633,P0328,Horror
634,P0328,Documentary
635,P0329,Action
636,P0329,Crime
637,P0329,Family
638,P0330,Drama
639,P0330,Crime
640,P0330,Thriller
641,P0331,Animation
642,P0331,Thriller
643,P0332,Action
644,P0333,Comedy
645,P0333,Crime
646,P0334,Romance
647,P0335,Sci-Fi
648,P0336,Animation
649,P0336,Romance
650,P0337,Romance
651,P0338,Crime
652,P0338,Comedy
653,P0339,Crime
654,P0339,Comedy
655,P0339,Drama
656,P0340,Animation
657,P0340,Action
658,P0340,Documentary
659,P0341,Action
660,P0341,Romance
661,P0342,Sci-Fi
662,P0342,Drama
663,P0343,Family
664,P0343,Action
665,P0344,Action
666,P0344,Sci-Fi
667,P0345,Sci-Fi
668,P0346,Action
669,P0346,Horror
670,P0346,Thriller
671,P0347,Sci-Fi
672,P0347,Thriller
673,P0348,Animation
674,P0348,Drama
675,P0349,Horror
676,P0349,Sci-Fi
677,P0349,Animation
678,P0350,Comedy
679,P0350,Romance
680,P0351,Thriller
681,P0351,Horror
682,P0351,Drama
683,P0352,Thriller
684,P0352,Comedy
685,P0352,Drama
686,P0353,Horror
687,P0353,Action
688,P0354,Comedy
689,P0355,Horror
690,P0355,Crime
691,P0356,Crime
692,P0357,Sci-Fi
693,P0357,Drama
694,P0358,Horror
695,P0359,Family
696,P0359,Sci-Fi
697,P0359,Drama
698,P0360,Comedy
699,P0360,Horror
700,P0360,Drama
701,P0361,Horror
702,P0361,Action
703,P0362,Romance
704,P0362,Documentary
705,P0363,Crime
706,P0364,Family
707,P0365,Romance
708,P0366,Drama
709,P0367,Documentary
710,P0368,Family
711,P0368,Romance
712,P0369,Action
713,P0369,Crime
714,P0369,Animation
715,P0370,Drama
716,P0371,Crime
717,P0371,Romance
718,P0371,Animation
719,P0372,Thriller
720,P0372,Crime
721,P0372,Family
722,P0373,Documentary
723,P0373,Comedy
724,P0374,Horror
725,P0375,Documentary
726,P0376,Animation
727,P0377,Animation
728,P0378,Crime
729,P0378,Horror
730,P0379,Comedy
731,P0379,Romance
732,P0380,Sci-Fi
733,P0381,Drama
734,P0382,Comedy
735,P0382,Animation
736,P0382,Sci-Fi
737,P0383,Animation
738,P0383,Horror
739,P0383,Crime
740,P0384,Romance
741,P0385,Action
742,P0386,Animation
743,P0386,Romance
744,P0386,Thriller
745,P0387,Animation
746,P0387,Sci-Fi
747,P0387,Romance
748,P0388,Comedy
749,P0389,Romance
750,P0389,Comedy
751,P0389,Horror
752,P0390,Documentary
753,P0390,Action
754,P0391,Documentary
755,P0391,Sci-Fi
756,P0391,Drama
757,P0392,Sci-Fi
758,P0393,Crime
759,P0393,Animation
760,P0394,Documentary
761,P0394,Sci-Fi
762,P0395,Animation
763,P0395,Family
764,P0395,Horror
765,P0396,Action
766,P0397,Drama
767,P0397,Comedy
768,P0397,Sci-Fi
769,P0398,Crime
770,P0398,Sci-Fi
771,P0398,Comedy
772,P0399,Family
773,P0399,Horror
774,P0399,Romance
775,P0400,Animation
776,P0400,Documentary
777,P0401,Documentary
778,P0401,Romance
779,P0401,Crime
780,P0402,Documentary
781,P0402,Romance
782,P0402,Horror
783,P0403,Animation
784,P0403,Comedy
785,P0403,Horror
786,P0404,Comedy
787,P0404,Sci-Fi
788,P0404,Drama
789,P0405,Sci-Fi
790,P0406,Romance
791,P0407,Drama
792,P0408,Documentary
793,P0408,Thriller
794,P0409,Sci-Fi
795,P0410,Sci-Fi
796,P0410,Animation
797,P0410,Comedy
798,P0411,Horror
799,P0411,Documentary
800,P0411,Comedy
801,P0412,Drama
802,P0413,Sci-Fi
803,P0413,Comedy
804,P0414,Sci-Fi
805,P0414,Romance
806,P0415,Thriller
807,P0415,Comedy
808,P0416,Action
809,P0416,Documentary
810,P0416,Thriller
811,P0417,Comedy
812,P0418,Action
813,P0418,Family
814,P0419,Documentary
815,P0419,Comedy
816,P0419,Thriller
817,P0420,Family
818,P0420,Animation
819,P0421,Drama
820,P0421,Action
821,P0422,Horror
822,P0423,Comedy
823,P0423,Animation
824,P0423,Horror
825,P0424,Animation
826,P0424,Romance
827,P0425,Thriller
828,P0425,Action
829,P0425,Comedy
830,P0426,Animation
831,P0426,Drama
832,P0427,Drama
833,P0428,Crime
834,P0428,Animation
835,P0429,Drama
836,P0430,Horror
837,P0430,Action
838,P0431,Thriller
839,P0432,Thriller
840,P0432,Horror
841,P0433,Comedy
842,P0433,Drama
843,P0434,Sci-Fi
844,P0434,Drama
845,P0435,Documentary
846,P0435,Crime
847,P0435,Sci-Fi
848,P0436,Documentary
849,P0436,Crime
850,P0436,Animation
851,P0437,Animation
852,P0437,Comedy
853,P0438,Horror
854,P0438,Crime
855,P0438,Comedy
856,P0439,Horror
857,P0439,Family
858,P0439,Action
859,P0440,Horror
860,P0440,Drama
861,P0441,Sci-Fi
862,P0441,Family
863,P0442,Comedy
864,P0442,Drama
865,P0443,Thriller
866,P0443,Sci-Fi
867,P0443,Family
868,P0444,Documentary
869,P0444,Drama
870,P0444,Thriller
871,P0445,Action
872,P0445,Crime
873,P0445,Animation
874,P0446,Horror
875,P0446,Animation
876,P0447,Comedy
877,P0447,Action
878,P0447,Sci-Fi
879,P0448,Comedy
880,P0448,Family
881,P0448,Animation
882,P0449,Drama
883,P0450,Family
884,P0451,Sci-Fi
885,P0451,Comedy
886,P0452,Family
887,P0452,Horror
888,P0453,Family
889,P0453,Sci-Fi
890,P0453,Crime
891,P0454,Drama
892,P0455,Documentary
893,P0456,Sci-Fi
894,P0456,Thriller
895,P0457,Comedy
896,P0457,Thriller
897,P0457,Drama
898,P0458,Action
899,P0458,Thriller
900,P0459,Comedy
901,P0459,Horror
902,P0459,Family
903,P0460,Animation
904,P0461,Drama
905,P0461,Animation
906,P0461,Comedy
907,P0462,Crime
908,P0463,Comedy
909,P0464,Documentary
910,P0465,Documentary
911,P0465,Animation
912,P0466,Animation
913,P0466,Drama
914,P0467,Horror
915,P0467,Action
916,P0468,Crime
917,P0468,Romance
918,P0468,Comedy
919,P0469,Action
920,P0469,Drama
921,P0470,Sci-Fi
922,P0471,Family
923,P0471,Horror
924,P0472,Horror
925,P0473,Action
926,P0473,Comedy
927,P0474,Horror
928,P0474,Action
929,P0474,Thriller
930,P0475,Animation
931,P0475,Documentary
932,P0475,Family
933,P0476,Comedy
934,P0477,Thriller
935,P0477,Horror
936,P0478,Crime
937,P0478,Animation
938,P0479,Drama
939,P0480,Animation
940,P0480,Romance
941,P0480,Crime
942,P0481,Romance
943,P0481,Family
944,P0482,Family
945,P0482,Drama
946,P0483,Thriller
947,P0483,Romance
948,P0484,Crime
949,P0484,Animation
950,P0484,Comedy
951,P0485,Family
952,P0485,Crime
953,P0486,Documentary
954,P0486,Action
955,P0486,Animation
956,P0487,Drama
957,P0487,Romance
958,P0488,Comedy
959,P0488,Romance
960,P0488,Drama
961,P0489,Crime
962,P0490,Documentary
963,P0490,Action
964,P0490,Family
965,P0491,Animation
966,P0492,Crime
967,P0492,Action
968,P0493,Sci-Fi
969,P0493,Documentary
970,P0494,Romance
971,P0494,Horror
972,P0495,Animation
973,P0496,Family
974,P0496,Animation
975,P0497,Action
976,P0497,Sci-Fi
977,P0497,Comedy
978,P0498,Documentary
979,P0498,Thriller
980,P0498,Comedy
981,P0499,Animation
982,P0500,Animation
983,P0500,Drama
984,P0500,Action
